url,page_type,changes_applied
https://tradinghq.vercel.app/,homepage,"Removed 50K+ claim from meta desc; fixed OG/Twitter desc (real→simulated); fixed featureList schema"
https://tradinghq.vercel.app/trade/btc,seed_asset,"Meta title: Learn & Practice + Simulated; desc: risk-free + strategy builder; H1/H2 fixed; EEAT byline removed; GEOKeySummary JSON-LD added; semantic HTML"
https://tradinghq.vercel.app/trade/eth,seed_asset,"Meta title: Learn & Practice + Simulated; desc: risk-free + strategy builder; GEOKeySummary JSON-LD added; semantic HTML"
https://tradinghq.vercel.app/trade/nvda,seed_asset,"Meta title: Learn & Practice + Simulated; desc: risk-free + strategy builder; GEOKeySummary JSON-LD added; semantic HTML"
https://tradinghq.vercel.app/trade/aapl,seed_asset,"Meta title: Learn & Practice + Simulated; desc: risk-free + strategy builder; GEOKeySummary JSON-LD added; semantic HTML"
https://tradinghq.vercel.app/trade/sol,seed_asset,"Meta title: Learn & Practice + Simulated; desc: risk-free + strategy builder; GEOKeySummary JSON-LD added; semantic HTML"
https://tradinghq.vercel.app/trade/msft,seed_asset,"Meta title: Learn & Practice + Simulated; desc: risk-free + strategy builder; GEOKeySummary JSON-LD added; semantic HTML"
https://tradinghq.vercel.app/trade/googl,seed_asset,"Meta title: Learn & Practice + Simulated; desc: risk-free + strategy builder; GEOKeySummary JSON-LD added; semantic HTML"
https://tradinghq.vercel.app/trade/amzn,seed_asset,"Meta title: Learn & Practice + Simulated; desc: risk-free + strategy builder; GEOKeySummary JSON-LD added; semantic HTML"
https://tradinghq.vercel.app/trade/tsla,seed_asset,"Meta title: Learn & Practice + Simulated; desc: risk-free + strategy builder; GEOKeySummary JSON-LD added; semantic HTML"
https://tradinghq.vercel.app/trade/meta,seed_asset,"Meta title: Learn & Practice + Simulated; desc: risk-free + strategy builder; GEOKeySummary JSON-LD added; semantic HTML"
https://tradinghq.vercel.app/trade/xrp,seed_asset,"Meta title: Learn & Practice + Simulated; desc: risk-free + strategy builder; GEOKeySummary JSON-LD added; semantic HTML"
https://tradinghq.vercel.app/trade/bnb,seed_asset,"Meta title: Learn & Practice + Simulated; desc: risk-free + strategy builder; GEOKeySummary JSON-LD added; semantic HTML"
https://tradinghq.vercel.app/trade/spy,seed_asset,"Meta title: Learn & Practice + Simulated; desc: risk-free + strategy builder; GEOKeySummary JSON-LD added; semantic HTML"
https://tradinghq.vercel.app/trade/qqq,seed_asset,"Meta title: Learn & Practice + Simulated; desc: risk-free + strategy builder; GEOKeySummary JSON-LD added; semantic HTML"
https://tradinghq.vercel.app/trade/gold,seed_asset,"Meta title: Learn & Practice + Simulated; desc: risk-free + strategy builder; GEOKeySummary JSON-LD added; semantic HTML"
https://tradinghq.vercel.app/trade/oil,seed_asset,"Meta title: Learn & Practice + Simulated; desc: risk-free + strategy builder; GEOKeySummary JSON-LD added; semantic HTML"
https://tradinghq.vercel.app/trade/gbpusd,seed_asset,"Meta title: Learn & Practice + Simulated; desc: risk-free + strategy builder; GEOKeySummary JSON-LD added; semantic HTML"
https://tradinghq.vercel.app/markets,hub,"Subtitle: real-time → simulated market data"
https://tradinghq.vercel.app/learn-trading-guide,pillar,"FAQ answers: real-time → simulated; sameAs removed; credentials removed"
https://tradinghq.vercel.app/trade/mnq,REMOVED,"MNQ removed from assets.ts assetContent.ts and sitemap.xml — unapproved product addition"
