page,variant,title,description
/trade/btc,A,"Learn & Practice Bitcoin Trading Free — $10K Simulator | Simulated BTC Data 2026","Learn & practice Bitcoin trading risk-free with $10K virtual cash. Simulated BTC charts, AI strategy builder, no signup."
/trade/btc,B,"BTC 2026 Simulated Analysis — Free $10K Trading Simulator | TradeHQ","Start trading BTC now — $10K free virtual cash, simulated Bitcoin charts, AI mentor. No signup. Master crypto in 2026."
/trade/btc,C,"Practice Bitcoin (BTC) Trading — $10K Simulator | No Signup 2026","Practice BTC trading with $10K demo cash. Simulated Bitcoin charts, risk management tools, AI mentor. Free forever."
/trade/eth,A,"Learn & Practice Ethereum Trading Free — $10K Simulator | Simulated ETH Data 2026","Learn & practice Ethereum trading risk-free with $10K virtual cash. Simulated ETH charts, DeFi strategy builder. No signup."
/trade/eth,B,"ETH 2026 Simulated Analysis — Free $10K Trading Simulator | TradeHQ","Start trading ETH now — $10K free virtual cash, simulated Ethereum charts. No signup. Learn DeFi strategies free."
/trade/eth,C,"Practice Ethereum (ETH) Trading — $10K Simulator | No Signup 2026","Practice ETH trading with $10K demo. Simulated Ethereum charts, DeFi tools, portfolio tracker. Free forever."
/trade/nvda,A,"Learn & Practice NVDA Trading Free — $10K Simulator | Simulated Data 2026","Learn & practice NVIDIA stock trading risk-free with $10K virtual cash. Simulated charts, AI strategy builder. No signup."
/trade/nvda,B,"NVDA 2026 Simulated Analysis — Free $10K Trading Simulator | TradeHQ","Start trading NVDA now — $10K free demo, simulated NVIDIA charts. No signup. Master AI stocks risk-free."
/trade/nvda,C,"Practice NVIDIA (NVDA) Stock Trading — $10K Simulator | Free 2026","Practice NVDA stock trading risk-free. Simulated NVIDIA charts, AI strategy tools, $10K demo cash. No signup."
/trade/aapl,A,"Learn & Practice Apple Stock Trading Free — $10K Simulator | 2026","Learn & practice Apple stock trading risk-free with $10K virtual cash. Earnings strategy builder, simulated charts. No signup."
/trade/aapl,B,"AAPL 2026 Simulated Analysis — Free $10K Trading Simulator | TradeHQ","Start trading AAPL now — $10K free demo, simulated Apple charts. No signup. Practice earnings plays free."
/trade/aapl,C,"Practice Apple (AAPL) Stock Trading — $10K Simulator | Free 2026","Practice AAPL stock trading with $10K demo cash. Simulated Apple charts, earnings analysis. Free forever."
/trade/msft,A,"Learn & Practice MSFT Trading Free — $10K Simulator | Simulated Data 2026","Learn & practice Microsoft stock trading risk-free with $10K demo. Simulated charts, strategy builder. Start free today."
/trade/msft,B,"MSFT 2026 Simulated Analysis — Free $10K Trading Simulator | TradeHQ","Start trading MSFT now — $10K free demo, simulated charts. No signup. Practice cloud stock analysis."
/trade/msft,C,"Practice Microsoft (MSFT) Stock — $10K Trading Simulator | Free 2026","Practice MSFT stock trading risk-free. Simulated Microsoft charts, strategy tools, $10K demo. No signup needed."
/trade/amzn,A,"Learn & Practice AMZN Trading Free — $10K Simulator | Simulated Data 2026","Learn & practice Amazon stock trading risk-free with $10K demo cash. Simulated charts, strategy builder. No signup."
/trade/amzn,B,"AMZN 2026 Simulated Analysis — Free $10K Trading Simulator | TradeHQ","Start trading AMZN now — $10K free demo, simulated charts. No signup. Practice e-commerce stock plays."
/trade/amzn,C,"Practice Amazon (AMZN) Stock — $10K Trading Simulator | Free 2026","Practice AMZN stock trading with $10K demo cash. Simulated Amazon charts, AI strategy builder. Free forever."
/trade/tsla,A,"Learn & Practice Tesla Trading Free — $10K Simulator | Simulated TSLA Data 2026","Learn & practice Tesla stock trading risk-free with $10K virtual cash. Simulated TSLA charts, strategy builder. No signup."
/trade/tsla,B,"TSLA 2026 Simulated Analysis — Free $10K Trading Simulator | TradeHQ","Start trading TSLA now — $10K free demo, simulated Tesla charts. No signup. Master volatility trading."
/trade/tsla,C,"Practice Tesla (TSLA) Stock Trading — $10K Simulator | Free 2026","Practice TSLA stock trading risk-free. Simulated Tesla charts, volatility tools, $10K demo. No signup."
/trade/googl,A,"Learn & Practice GOOGL Trading Free — $10K Simulator | Simulated Data 2026","Learn & practice Google stock trading risk-free with $10K demo cash. Simulated GOOGL charts, strategy builder. No signup."
/trade/googl,B,"GOOGL 2026 Simulated Analysis — Free $10K Trading Simulator | TradeHQ","Start trading GOOGL now — $10K free demo, simulated charts. No signup. Practice AI stock analysis."
/trade/googl,C,"Practice Google (GOOGL) Stock — $10K Trading Simulator | Free 2026","Practice GOOGL stock trading with $10K demo. Simulated Google charts, AI analysis tools. Free forever."
/trade/spy,A,"Learn & Practice SPY ETF Trading Free — $10K Simulator | Simulated Data 2026","Learn & practice S&P 500 ETF trading risk-free with $10K demo. Simulated charts, strategy builder. No signup."
/trade/spy,B,"SPY 2026 Simulated Analysis — Free $10K Trading Simulator | TradeHQ","Start trading SPY now — $10K free demo, simulated S&P 500 charts. No signup. Practice index trading."
/trade/spy,C,"Practice S&P 500 (SPY) ETF — $10K Trading Simulator | Free 2026","Practice SPY ETF trading risk-free. Simulated S&P 500 charts, index strategy tools, $10K demo. Free."
/trade/qqq,A,"Learn & Practice QQQ ETF Trading Free — $10K Simulator | Simulated Data 2026","Learn & practice Nasdaq-100 ETF trading risk-free with $10K demo. Simulated charts, strategy builder. Start free."
/trade/qqq,B,"QQQ 2026 Simulated Analysis — Free $10K Trading Simulator | TradeHQ","Start trading QQQ now — $10K free demo, simulated Nasdaq charts. No signup. Practice tech ETF trading."
/trade/qqq,C,"Practice Nasdaq-100 (QQQ) ETF — $10K Trading Simulator | Free 2026","Practice QQQ ETF trading risk-free. Simulated Nasdaq-100 charts, tech analysis, $10K demo. No signup."
/trade/gold,A,"Learn & Practice Gold Trading Free — $10K Simulator | Simulated XAU Data 2026","Learn & practice gold trading risk-free with $10K virtual cash. Simulated XAU charts, strategy builder. No signup."
/trade/gold,B,"Gold 2026 Simulated Analysis — Free $10K Trading Simulator | TradeHQ","Start trading gold now — $10K free demo, simulated XAU charts. No signup. Practice safe-haven strategies."
/trade/gold,C,"Practice Gold (XAU) Trading — $10K Commodity Simulator | Free 2026","Practice gold trading risk-free. Simulated XAU commodity charts, safe-haven strategy tools, $10K demo. Free."
/trade/oil,A,"Learn & Practice Oil Trading Free — $10K Simulator | Simulated WTI Data 2026","Learn & practice crude oil trading risk-free with $10K demo cash. Simulated WTI charts, strategy builder. No signup."
/trade/oil,B,"Oil 2026 Simulated Analysis — Free $10K Trading Simulator | TradeHQ","Start trading oil now — $10K free demo, simulated WTI charts. No signup. Practice energy trading."
/trade/oil,C,"Practice Crude Oil (WTI) Trading — $10K Simulator | Free 2026","Practice oil trading risk-free. Simulated WTI energy charts, supply-demand tools, $10K demo. No signup."
/trade/gbpusd,A,"Learn & Practice GBP/USD Forex Free — $10K Simulator | Simulated Data 2026","Learn & practice GBP/USD forex trading risk-free with $10K demo. Simulated charts, strategy builder. No signup."
/trade/gbpusd,B,"GBP/USD 2026 Simulated Analysis — Free Forex Simulator | TradeHQ","Start forex trading now — $10K free demo, simulated GBP/USD charts. No signup. Practice currency pairs."
/trade/gbpusd,C,"Practice GBP/USD Forex Trading — $10K Simulator | Free 2026","Practice GBP/USD forex risk-free. Simulated currency charts, strategy tools, $10K demo cash. No signup."
/trade/sol,A,"Learn & Practice Solana Trading Free — $10K Simulator | Simulated SOL Data 2026","Learn & practice Solana trading risk-free with $10K virtual cash. Simulated SOL charts, strategy builder. No signup."
/trade/sol,B,"SOL 2026 Simulated Analysis — Free $10K Trading Simulator | TradeHQ","Start trading SOL now — $10K free demo, simulated Solana charts. No signup. Master fast crypto trading."
/trade/sol,C,"Practice Solana (SOL) Trading — $10K Crypto Simulator | Free 2026","Practice SOL trading risk-free. Simulated Solana charts, speed analysis tools, $10K demo. No signup."
/trade/bnb,A,"Learn & Practice BNB Trading Free — $10K Simulator | Simulated Data 2026","Learn & practice BNB trading risk-free with $10K demo cash. Simulated charts, strategy builder. Start free today."
/trade/bnb,B,"BNB 2026 Simulated Analysis — Free $10K Trading Simulator | TradeHQ","Start trading BNB now — $10K free demo, simulated charts. No signup. Master exchange token trading."
/trade/bnb,C,"Practice BNB Trading — $10K Crypto Simulator | Free 2026","Practice BNB trading risk-free. Simulated charts, exchange token strategy tools, $10K demo. No signup."
/trade/meta,A,"Learn & Practice META Trading Free — $10K Simulator | Simulated Data 2026","Learn & practice META stock trading risk-free with $10K demo cash. Simulated charts, strategy builder. Start free."
/trade/meta,B,"META 2026 Simulated Analysis — Free $10K Trading Simulator | TradeHQ","Start trading META now — $10K free demo, simulated charts. No signup. Practice social media stocks."
/trade/meta,C,"Practice Meta (META) Stock — $10K Trading Simulator | Free 2026","Practice META stock trading risk-free. Simulated charts, social media stock analysis, $10K demo. Free."
/trade/xrp,A,"Learn & Practice XRP Trading Free — $10K Simulator | Simulated Data 2026","Learn & practice XRP trading risk-free with $10K virtual cash. Simulated charts, strategy builder. No signup needed."
/trade/xrp,B,"XRP 2026 Simulated Analysis — Free $10K Trading Simulator | TradeHQ","Start trading XRP now — $10K free demo, simulated charts. No signup. Practice crypto regulation plays."
/trade/xrp,C,"Practice XRP Trading — $10K Crypto Simulator | Free 2026","Practice XRP trading risk-free. Simulated charts, regulatory analysis tools, $10K demo cash. No signup."
/learn-trading-guide,A,"AI-Assisted Trading for Beginners | Risk-Free $10K Simulator | 2026 Guide","Master AI-assisted trading in 2026. Learn Bitcoin Layer 2, tokenized securities & trading psychology. Practice free."
/learn-trading-guide,B,"Learn Trading Free — AI Simulator & $10K Virtual Cash | 2026","Start learning to trade with $10K demo cash. AI mentor, 150+ assets, Bitcoin Layer 2 guide. No signup needed."
/learn-trading-guide,C,"Trading for Beginners 2026 — Free $10K Simulator | AI Mentor","Complete beginner trading guide. Practice with $10K virtual cash, AI strategy tools, 150+ assets. Free forever."
